diameter,weight,red,green,blue,output
1.0803320753732242,1.0914710116107473,-0.4392926579621727,0.4374863889410584,0.39154725794671635,0
-0.4971632962257662,-0.6406743148545527,0.12563828864691676,-0.8085015465045483,-0.941970675991546,0
0.7690537244556976,0.7827857367445129,0.12563828864691676,1.6834743243866652,1.1694327194107028,0
1.1647465434186552,1.170747002655939,-0.7217581312667174,0.1704889742027141,1.7250651918849789,0
1.6712333516912417,1.6730621317564482,-0.6276029734985359,-0.541504131766204,0.2804207634518612,0
-0.4391283494445327,-0.42459462244818896,-1.1925339201076253,-0.8975006847506631,-1.0530971704864012,1
0.5791211713534783,0.572669282602611,-1.945775182253078,-1.0754989612428927,-0.941970675991546,0
1.576267075140132,1.5846658939538443,-0.9100684468030806,-0.3635058552739745,0.16929426895700597,0
0.2520151076774336,0.21241953568485777,1.3496553396332773,-1.4314955142273518,-0.16408521452755964,0
0.14649702262064437,0.10858903413894239,0.03148313087873518,-0.45250499352008927,0.39154725794671635,0
-0.48661148772008755,-0.4747559796139523,-2.134085497789441,2.128470015617239,-0.7197176870018356,1
-0.8506488811660093,-0.8525446626036496,1.5379656551696403,0.7044838036794027,-1.0530971704864012,1
1.1964019689356922,1.1945999557137847,-1.6633097089485331,-1.9654903437040403,0.16929426895700597,0
-0.11729819002132742,-0.15905513031894003,-2.0399303400212596,-1.4314955142273518,0.724926741431282,0
-2.470351486787716,-2.4026358326421597,0.7847243930241878,0.25948811244882886,-1.0530971704864012,1
0.7479501074443403,0.7592835624081068,0.4081037619514615,0.1704889742027141,-0.16408521452755964,0
-0.544646434501322,-0.5347391409800049,1.3496553396332773,0.08148983595659934,0.05816777446215077,1
1.882269521804819,1.9161517857136068,0.21979344641509832,-0.3635058552739745,1.1694327194107028,0
0.22035968216039675,0.1766401060980894,0.5022589197196431,-0.9864998229967779,0.6138002469364268,0
-0.006504200711698826,0.019491238893461434,-0.0626720268894464,0.34848725069494363,-1.0530971704864012,1
0.341705479975704,0.3008157734874616,0.7847243930241878,-0.7195024082584336,-0.38633820351727005,0
0.6951910649159462,0.6954418351062268,-1.3808442356439885,-1.698492928965696,1.280559213905558,0
-0.21754037082527644,-0.19623767479146378,-0.5334478157303543,1.0604803566638619,-1.0530971704864012,1
-0.01705600921737841,0.005460090035905136,1.3496553396332773,-0.45250499352008927,0.05816777446215077,1
1.2227814901998897,1.2177513513287521,0.03148313087873518,-1.7874920672118109,0.2804207634518612,0
1.011745320086312,1.0251738332587943,1.2555001818650957,-1.7874920672118109,-0.2752117090224148,0
0.3944645225040982,0.3615004922963913,-0.2509823424258096,-0.0965084405356302,-0.941970675991546,0
1.2755405327282838,1.2679127084945154,-1.0983787623394436,0.4374863889410584,1.7250651918849789,0
2.082753883412717,2.133283814284287,-1.3808442356439885,-0.6305032700123188,2.39182415885411,0
1.143642926407298,1.1461924921552162,-0.156827184657628,-1.1644980994890075,0.6138002469364268,0
-1.3518597851857552,-1.3362685194678967,0.4081037619514615,0.08148983595659934,-0.6085911925069805,1
-0.3177825516292255,-0.4095111374263159,-1.6633097089485331,-2.232487758442385,0.8360532359261371,0
1.043400745603349,1.0504299012023963,0.973034708560551,0.5264855271871732,1.836191686379834,0
-1.0722368597852652,-1.0602056656954804,0.3139486041832799,1.3274777714022061,-1.0530971704864012,1
1.6343020219213653,1.6481568425342858,-0.7217581312667174,-0.8085015465045483,1.5028122028952684,0
-0.03288372197589638,-0.004712492885822756,-0.2509823424258096,1.0604803566638619,-1.0530971704864012,1
-0.9403392534642797,-0.9314698749274026,-0.34513750019399114,-0.8085015465045483,-0.38633820351727005,1
-0.0961945730099692,-0.13906074319692283,-1.5691545511803517,-0.007509302289515428,-0.16408521452755964,0
-1.2199621788647694,-1.2145483031285977,0.03148313087873518,3.196459674570616,0.16929426895700597,1
-0.5710259557655186,-0.567361562073822,1.9145862862423668,0.7934829419255175,0.05816777446215077,1
0.17287654388484192,0.13735288929693315,-1.0042236045712623,0.34848725069494363,-0.7197176870018356,0
-0.9192356364529214,-0.9069153644266799,-0.156827184657628,-0.7195024082584336,-1.0530971704864012,1
-0.1120222857684881,-0.08328692648813722,0.12563828864691676,0.971481218417747,-0.6085911925069805,1
-0.48133558346724825,-0.4708974136781238,0.12563828864691676,0.1704889742027141,-0.38633820351727005,1
1.576267075140132,1.5783518769679439,-0.7217581312667174,-0.6305032700123188,1.0583062249158475,0
2.124961117435433,2.1809897203999786,0.3139486041832799,0.34848725069494363,-1.0530971704864012,0
-0.42857654093885406,-0.41336970336214435,0.6905692352560062,0.7934829419255175,1.0583062249158475,1
-0.7134753705921831,-0.718547191013989,1.5379656551696403,1.1494794949099765,-0.7197176870018356,1
1.6976128729554383,1.704982995407388,-0.156827184657628,-0.2745067170278597,0.16929426895700597,0
1.4813007985890223,1.4903064178867798,-1.0042236045712623,0.25948811244882886,0.2804207634518612,0
-0.9983742002455132,-0.9875944703576278,-1.7574648667167148,2.395467430355583,-0.941970675991546,1
0.5791211713534783,0.572669282602611,0.03148313087873518,0.34848725069494363,0.724926741431282,0
-1.0300296257625496,-1.0258293509944683,1.443810497401459,0.25948811244882886,-1.0530971704864012,1
-0.8189934556489724,-0.8164144542954436,-1.2866890778758069,-0.541504131766204,-1.0530971704864012,1
-0.9139597322000821,-0.9002505687193407,-0.0626720268894464,0.5264855271871732,-1.0530971704864012,1
-1.3782393064499523,-1.3622261448543749,1.2555001818650957,-0.2745067170278597,0.2804207634518612,1
0.030427129058177373,-0.0012047056714339303,1.8204311284741852,-1.6094937907195812,0.6138002469364268,0
-0.5499223387541613,-0.5435086090159774,0.973034708560551,1.416476909648321,-1.0530971704864012,1
-0.0750909559986119,-0.0478582756228074,0.973034708560551,-0.45250499352008927,-1.0530971704864012,1
-0.4127488281803361,-0.39512920984732103,-0.7217581312667174,0.8824820801716322,-1.0530971704864012,1
-0.1331259027798454,-0.10678910082454325,0.5964140774878246,0.615484665433288,-0.8308441814966908,1
1.8400622877821038,1.8733567816980607,-0.6276029734985359,0.615484665433288,0.39154725794671635,0
-1.0564091470267467,-1.0475776317236793,-0.0626720268894464,0.25948811244882886,-1.0530971704864012,1
1.2386092029584077,1.2416043043865976,0.12563828864691676,-0.0965084405356302,-0.49746469801212523,0
-0.5393705302484817,-0.5294774601584211,2.10289660177873,0.34848725069494363,-0.2752117090224148,1
0.6635356393989092,0.6593116267980198,-0.5334478157303543,-0.45250499352008927,-1.0530971704864012,0
1.3124718624981602,1.3008859083097721,1.2555001818650957,-0.007509302289515428,0.8360532359261371,0
-0.359989785651941,-0.34742330373163083,-1.3808442356439885,0.615484665433288,-0.7197176870018356,1
-1.0775127640381044,-1.0668704614028195,-0.5334478157303543,-0.541504131766204,-1.0530971704864012,1
1.096159788131743,1.1030467094182317,0.5964140774878246,-0.8975006847506631,0.39154725794671635,0
-0.3125066473763861,-0.29305260190860055,-1.3808442356439885,0.4374863889410584,-1.0530971704864012,1
0.17287654388484192,0.13770366801837172,-0.0626720268894464,-0.7195024082584336,0.39154725794671635,0
0.48943079905520787,0.4463889428846053,-0.6276029734985359,-0.8975006847506631,-0.941970675991546,1
-0.35471388139910165,-0.44634290317740105,-1.0042236045712623,-0.7195024082584336,0.8360532359261371,0
1.3863345220379115,1.3885805886694977,-0.0626720268894464,-0.8085015465045483,0.05816777446215077,0
-0.544646434501322,-0.5385977069158323,0.6905692352560062,1.1494794949099765,-1.0530971704864012,1
-0.9878223917398345,-0.9788250023216553,-0.156827184657628,-0.0965084405356302,-1.0530971704864012,1
0.5316380330779233,0.519701695665336,-0.0626720268894464,1.2384786331560913,-0.05295872003270443,0
-0.5235428174899638,-0.6582132509264979,-0.6276029734985359,-0.541504131766204,0.6138002469364268,0
0.8270886712369321,0.8385595534532985,-0.6276029734985359,-0.7195024082584336,1.280559213905558,0
-1.8583465934583412,-1.8368297549612105,0.21979344641509832,0.34848725069494363,0.6138002469364268,1
-0.5657500515126793,-0.5550843068234607,0.21979344641509832,-0.8085015465045483,1.1694327194107028,1
0.15177292687348368,0.11876161706067127,0.21979344641509832,-1.5204946524734664,2.1695711698643994,0
-1.177754944842054,-1.1787688735418294,0.5964140774878246,1.7724734626327798,-1.0530971704864012,1
-0.6343368067995924,-0.637868085083042,-1.0042236045712623,-0.8085015465045483,-1.0530971704864012,1
0.38391271399841953,0.3593958199677578,-2.134085497789441,-0.0965084405356302,0.8360532359261371,1
-1.7422766998958736,-1.7224758917721281,0.5964140774878246,-0.45250499352008927,-0.38633820351727005,1
-0.6659922323166283,-0.6620718168623263,1.2555001818650957,1.416476909648321,0.16929426895700597,1
0.5738452671006389,0.5624966996808821,0.21979344641509832,-0.45250499352008927,-0.49746469801212523,0
-1.251617604381806,-1.2380504774650036,2.0087414440105484,-0.3635058552739745,-0.05295872003270443,1
0.1939801608961992,0.1903204762342071,1.161345024096914,0.8824820801716322,-1.0530971704864012,1
-1.8372429764469833,-1.8161338103963152,-1.2866890778758069,1.2384786331560913,0.2804207634518612,1
0.9853657988221146,1.0044778886938999,-0.34513750019399114,-0.45250499352008927,2.0584446753695445,0
-1.9480369657566114,-1.9041792694774797,0.5964140774878246,-0.6305032700123188,-0.8308441814966908,1
0.48943079905520787,0.47269734699252297,-0.2509823424258096,-0.7195024082584336,-0.6085911925069805,0
-0.6185090940410735,-0.6126120171394411,2.5736723906196377,0.25948811244882886,-1.0530971704864012,1
-0.6185090940410735,-0.6154182469109518,-0.0626720268894464,0.25948811244882886,1.947318180874689,1
1.159470639165816,1.1640822069486,-1.1925339201076253,0.25948811244882886,2.5029506533489654,0
-0.6818199450751472,-0.6824169827057821,0.21979344641509832,1.2384786331560913,-1.0530971704864012,1
0.7743296287085369,0.7898013111732916,1.161345024096914,0.7044838036794027,0.5026737524415715,0
-0.48133558346724825,-0.47124819239956345,-0.6276029734985359,0.25948811244882886,-0.8308441814966908,1
1.3546790965208757,1.358062839904313,0.4081037619514615,-0.9864998229967779,-0.6085911925069805,0
0.4524994692853317,0.41762508772661555,-0.2509823424258096,-0.18550757878174495,-1.0530971704864012,0
-0.12784999852700607,-0.10082586256008234,-0.815913289034899,1.5944751861405504,-1.0530971704864012,1
1.090883883878904,1.0988373647609646,-0.5334478157303543,-0.541504131766204,-0.2752117090224148,0
1.507680319853219,1.5155624858303807,0.3139486041832799,-1.7874920672118109,-1.0530971704864012,0
-0.8875802109358846,-0.8778007305472515,-0.34513750019399114,1.1494794949099765,1.280559213905558,1
-0.0961945730099692,-0.1401130793612396,0.03148313087873518,-0.0965084405356302,-1.0530971704864012,0
0.8692959052596476,0.8792498851402111,0.6905692352560062,-0.6305032700123188,0.16929426895700597,0
-0.7081994663393438,-0.7132855101924053,0.5022589197196431,0.25948811244882886,0.2804207634518612,1
1.507680319853219,1.5180179368804527,-0.815913289034899,-0.8975006847506631,-0.05295872003270443,0
0.3628090969870613,0.3218624967737955,0.03148313087873518,-1.0754989612428927,1.1694327194107028,0
1.4232658518077879,1.4275170267492163,0.3139486041832799,-1.2534972377351221,2.5029506533489654,0
-0.7081994663393438,-0.7104792804208947,0.03148313087873518,0.971481218417747,-0.6085911925069805,1
-0.9139597322000821,-0.900952126162219,1.9145862862423668,1.8614726008788947,-1.0530971704864012,1
-0.4127488281803361,-0.3972338821759545,-1.5691545511803517,1.0604803566638619,0.05816777446215077,1
-1.7844839339185892,-1.7747419212665247,0.973034708560551,-0.007509302289515428,-0.6085911925069805,1
-0.2650235091008313,-0.24429435962859358,0.5022589197196431,1.1494794949099765,-1.0530971704864012,1
0.9326067562937204,0.943091612442092,0.973034708560551,-1.1644980994890075,-1.0530971704864012,0
0.7373982989386617,0.7463047497148673,-0.5334478157303543,0.34848725069494363,2.2806976643592547,0
-0.8031657428904535,-0.7999278543878142,-0.4392926579621727,-0.3635058552739745,-1.0530971704864012,1
-2.1221418061003128,-2.0585219069105967,0.03148313087873518,-0.2745067170278597,1.1694327194107028,1
-1.3887911149556316,-1.3734510639404205,-0.7217581312667174,0.615484665433288,0.16929426895700597,1
-1.262169412887485,-1.2541862986511936,0.3139486041832799,-0.6305032700123188,-0.38633820351727005,1
0.4524994692853317,0.40464627503337597,-0.5334478157303543,-0.7195024082584336,-1.0530971704864012,1
0.6318802138818724,0.625636869539885,0.4081037619514615,-0.3635058552739745,-1.0530971704864012,0
1.6870610644497597,1.695862748649976,0.12563828864691676,-0.3635058552739745,1.280559213905558,0
-1.747552604148713,-1.7256329002650783,-0.4392926579621727,-0.18550757878174495,-0.05295872003270443,1
0.9009513307766835,0.9090660764625186,0.8788795507923693,1.1494794949099765,0.6138002469364268,0
1.143642926407298,1.1479463857624101,1.632120812937822,1.1494794949099765,-0.6085911925069805,0
-0.2069885623195978,-0.18711742803405162,0.6905692352560062,1.2384786331560913,-1.0530971704864012,1
-0.6237849982939128,-0.6189260341253406,-1.7574648667167148,-0.541504131766204,-1.0530971704864012,1
0.742674203191501,0.7480586433220622,0.5022589197196431,-1.342496375981237,1.5028122028952684,0
0.8323645754897714,0.8445227917177603,-0.6276029734985359,-0.7195024082584336,0.6138002469364268,0
-1.7317248913901946,-1.7080939641931332,-0.0626720268894464,-0.18550757878174495,-0.7197176870018356,1
-0.011780104964538149,-0.04820905434424698,0.03148313087873518,-0.45250499352008927,-0.05295872003270443,0
0.9220549477880418,0.9259034550915856,0.21979344641509832,-0.541504131766204,-0.7197176870018356,0
-1.5259646255294568,-1.4835955824722353,-0.0626720268894464,-0.8975006847506631,0.724926741431282,1
0.6002247883648355,0.5937160058889449,-0.6276029734985359,-0.18550757878174495,0.16929426895700597,0
0.8059850542255739,0.7512156518150125,0.12563828864691676,-0.007509302289515428,-0.2752117090224148,1
-1.019477817256871,-1.0103950872511556,0.8788795507923693,0.615484665433288,-1.0530971704864012,1
-0.3230584558820657,-0.3039267422732066,-0.4392926579621727,1.416476909648321,-0.05295872003270443,1
1.0539525541090276,1.0648118287813912,1.161345024096914,-2.232487758442385,0.724926741431282,0
1.4074381390492698,1.4113812055630266,-0.6276029734985359,0.34848725069494363,0.39154725794671635,0
1.1330911179016194,1.1353183517906102,1.2555001818650957,0.25948811244882886,0.16929426895700597,0
-1.21468627461193,-1.2124436307999642,-0.5334478157303543,-0.007509302289515428,-1.0530971704864012,1
-1.1144440938079807,-1.1166810398471432,0.6905692352560062,-0.8975006847506631,-0.38633820351727005,1
0.5791211713534783,0.5691614953882211,-0.815913289034899,-0.0965084405356302,1.1694327194107028,0
1.2069537774413708,1.2051233173569522,-0.2509823424258096,-0.2745067170278597,1.836191686379834,0
1.0856079796260645,1.0935756839393809,-0.2509823424258096,-1.698492928965696,2.5029506533489654,0
0.9853657988221146,1.0016716589223884,-1.1925339201076253,-0.8975006847506631,2.947456631328386,0
0.5843970756063176,0.5810879719171439,-1.0983787623394436,-0.8975006847506631,1.7250651918849789,0
-1.288548934151682,-1.2699713411159437,1.161345024096914,-0.2745067170278597,-1.0530971704864012,1
0.65825973514607,0.6073963760250617,-0.9100684468030806,-0.2745067170278597,-0.38633820351727005,1
0.6107765968705151,0.6010823590391622,0.7847243930241878,-0.8975006847506631,2.39182415885411,0
-0.27557531760650994,-0.2628856318648554,-0.4392926579621727,0.5264855271871732,-1.0530971704864012,1
0.3944645225040982,0.3593958199677578,-1.7574648667167148,-1.342496375981237,1.5028122028952684,0
0.1359452141149657,0.1001703448244094,-2.228240655557623,-0.2745067170278597,-0.7197176870018356,0
0.4736030862966899,0.44744127904892206,0.21979344641509832,-0.8975006847506631,1.7250651918849789,0
1.0539525541090276,1.0634087138956347,0.12563828864691676,-1.0754989612428927,1.1694327194107028,0
-0.5763018600183579,-0.5743771365026007,0.5964140774878246,0.1704889742027141,-1.0530971704864012,1
-0.5129910089842851,-0.49650426034316436,0.973034708560551,0.25948811244882886,-0.6085911925069805,1
0.157048831126323,0.12647874893232708,-0.9100684468030806,-0.007509302289515428,0.5026737524415715,0
-0.3125066473763861,-0.2937541593514787,0.3139486041832799,0.4374863889410584,-1.0530971704864012,1
-0.9667187747284763,-0.9577782790353203,0.21979344641509832,0.8824820801716322,-0.7197176870018356,1
-1.0405814342682287,-1.031091031816051,2.761982706156001,0.971481218417747,-1.0530971704864012,1
1.2016778731885316,1.1995108578139297,1.2555001818650957,-0.6305032700123188,0.2804207634518612,0
-1.4204465404726678,-1.3969532382768266,-0.815913289034899,-0.7195024082584336,-0.7197176870018356,1
0.09373798009225019,0.05667378336598518,-0.7217581312667174,-0.0965084405356302,0.6138002469364268,0
1.375782713532233,1.3787587844692084,0.4081037619514615,0.34848725069494363,1.0583062249158475,0
0.3680850012399006,0.33869987540286245,0.8788795507923693,1.9504717391250095,-1.0530971704864012,1
0.8956754265238442,0.9052075105266901,-2.134085497789441,-0.8975006847506631,-0.6085911925069805,0
-0.8084416471432938,-0.8058910926522761,-0.7217581312667174,-0.0965084405356302,-0.49746469801212523,1
0.29422234170014916,0.2569684333075988,1.0671898663287325,0.08148983595659934,1.0583062249158475,0
0.10956569285076816,0.06824948117346939,-1.2866890778758069,-0.18550757878174495,-1.0530971704864012,0
0.33642957572286375,0.3137945861807011,1.5379656551696403,0.4374863889410584,0.2804207634518612,1
-1.0722368597852652,-1.0577502146454083,-0.9100684468030806,1.3274777714022061,0.16929426895700597,1
0.758501915950019,0.7694561453298348,1.632120812937822,0.34848725069494363,-0.49746469801212523,0
1.0381248413505086,1.0497283437595182,0.5022589197196431,-1.2534972377351221,0.39154725794671635,0
-1.2094103703590904,-1.205778835092625,1.3496553396332773,1.416476909648321,-1.0530971704864012,1
-0.48133558346724825,-0.4701958562352467,0.7847243930241878,-0.3635058552739745,-1.0530971704864012,1
-1.130271806566499,-1.1387800992977948,-0.2509823424258096,0.615484665433288,-1.0530971704864012,1
0.5316380330779233,0.5081259978578528,0.12563828864691676,0.5264855271871732,-1.0530971704864012,1
0.9326067562937204,0.9392330465062636,-0.2509823424258096,-0.8085015465045483,1.391685708400413,0
0.9642621818107573,0.9781694845859823,0.21979344641509832,-1.698492928965696,1.1694327194107028,0
0.48943079905520787,0.47269734699252297,-0.815913289034899,-0.541504131766204,0.8360532359261371,0
-1.4784814872539018,-1.4358896763565452,0.6905692352560062,-1.0754989612428927,0.9471797304209923,1
-0.9561669662227976,-0.9433963514563254,0.6905692352560062,1.2384786331560913,-0.6085911925069805,1
1.5024044156003795,1.5148609283875025,1.5379656551696403,0.08148983595659934,-0.49746469801212523,0
0.7690537244556976,0.7252580264285333,-1.1925339201076253,1.3274777714022061,1.1694327194107028,1
-1.1724790405892145,-1.1692978480629785,2.3853620750832745,2.128470015617239,-0.16408521452755964,1
-0.877028402430206,-0.8718374922827896,0.3139486041832799,-0.007509302289515428,0.05816777446215077,1
-1.4732055830010622,-1.433434225306472,-1.1925339201076253,1.3274777714022061,0.5026737524415715,1
-1.2832730298988426,-1.2657619964586766,-0.0626720268894464,0.5264855271871732,-1.0530971704864012,1
-0.5974054770297161,-0.5915652938531062,-0.5334478157303543,1.3274777714022061,-0.941970675991546,1
0.29422234170014916,0.2587223269147927,-1.0042236045712623,-2.14348862019627,-0.6085911925069805,0
-1.3887911149556316,-1.3720479490546642,0.4081037619514615,0.8824820801716322,-0.941970675991546,1
0.17287654388484192,0.13700211057549355,1.3496553396332773,-1.4314955142273518,2.39182415885411,0
1.1014356923845825,1.1055021604683037,-0.2509823424258096,0.7044838036794027,0.5026737524415715,0
-0.8823043066830453,-0.8753452794971784,0.7847243930241878,-0.007509302289515428,-1.0530971704864012,1
-0.444404253697372,-0.42740085221970064,-1.7574648667167148,0.7044838036794027,0.16929426895700597,1
0.9748139903164359,0.9897451823934655,-0.7217581312667174,-2.14348862019627,-0.38633820351727005,0
-0.6659922323166283,-0.6701397274554207,0.7847243930241878,1.5944751861405504,-1.0530971704864012,1
-2.05883095506624,-2.0195854688308783,-0.0626720268894464,0.1704889742027141,-1.0530971704864012,1
-1.4098947319669888,-1.389937663848049,-0.4392926579621727,0.1704889742027141,-0.7197176870018356,1
0.3206018629643458,0.27871671403681086,0.7847243930241878,0.615484665433288,-1.0530971704864012,0
-0.49188739197292686,-0.47791298810690247,-1.0042236045712623,-0.007509302289515428,-1.0530971704864012,1
0.858744096753968,0.8669726298898497,1.632120812937822,2.128470015617239,0.39154725794671635,0
-0.8348211684074904,-0.8364088414174607,-0.4392926579621727,0.7044838036794027,2.2806976643592547,1
-0.5340946259956424,-0.5238650006153988,-1.4749993934121701,-1.0754989612428927,-1.0530971704864012,1
-0.11729819002132742,-0.08960094347403671,0.12563828864691676,0.1704889742027141,-1.0530971704864012,1
-1.1355477108193384,-1.1398324354621117,0.21979344641509832,0.7934829419255175,-1.0530971704864012,1
0.742674203191501,0.7543726603079617,-0.815913289034899,1.5054760478944356,-0.16408521452755964,0
0.6107765968705151,0.6035378100892342,-1.4749993934121701,0.971481218417747,0.6138002469364268,0
-0.4655078707087303,-0.452306141441862,-0.0626720268894464,1.416476909648321,-1.0530971704864012,1
0.8640200010068073,0.8743389830400669,2.4795172328514563,-1.698492928965696,1.280559213905558,0
0.8165368627312525,0.8273346343672539,-0.4392926579621727,-0.3635058552739745,1.1694327194107028,0
1.8189586707707455,1.8509069435259715,0.5022589197196431,-1.5204946524734664,0.2804207634518612,0
0.4736030862966899,0.45129984498475045,-0.4392926579621727,0.5264855271871732,-0.38633820351727005,0
-0.6870958493279865,-0.6897833358559993,-0.34513750019399114,1.0604803566638619,-1.0530971704864012,1
-1.314928455415879,-1.3127663451314897,-0.6276029734985359,0.8824820801716322,0.6138002469364268,1
1.576267075140132,1.5843151152324058,0.5022589197196431,-0.3635058552739745,1.0583062249158475,0
-0.4760596792144089,-0.4642326179707848,-0.815913289034899,1.2384786331560913,-1.0530971704864012,1
-0.7345789876035413,-0.9079677005909966,-0.5334478157303543,1.3274777714022061,1.836191686379834,0
-0.15422951979120364,-0.13239594748958378,-1.3808442356439885,0.1704889742027141,-0.941970675991546,1
0.34698138422854335,0.3211609393309173,2.4795172328514563,0.7044838036794027,-0.8308441814966908,1
0.526362128825084,0.4902362830644681,1.9145862862423668,0.34848725069494363,-1.0530971704864012,1
1.507680319853219,1.521174945373403,-1.5691545511803517,-0.541504131766204,-0.2752117090224148,0
1.3494031922680363,1.348942593146902,-1.0983787623394436,-0.6305032700123188,0.5026737524415715,0
1.1383670221544586,1.1426847049408275,0.12563828864691676,-0.3635058552739745,1.5028122028952684,0
-0.04343553048157502,-0.014885075807550647,0.03148313087873518,0.615484665433288,-1.0530971704864012,1
1.359955000773715,1.3629737420044583,-0.4392926579621727,-0.7195024082584336,0.5026737524415715,0
-0.5551982430070006,-0.548068732394683,-1.2866890778758069,0.1704889742027141,-0.8308441814966908,1
0.5316380330779233,0.5218063679939695,-0.9100684468030806,-2.054489481950155,1.280559213905558,0
-0.7081994663393438,-0.71188239530665,0.4081037619514615,-0.0965084405356302,0.6138002469364268,1
-0.8137175513961331,-0.8136082245239319,-0.156827184657628,0.7934829419255175,0.9471797304209923,1
-1.2991007426573606,-1.2864579410235721,0.8788795507923693,0.7044838036794027,-1.0530971704864012,1
-0.5393705302484817,-0.531231353765615,0.03148313087873518,-0.007509302289515428,-1.0530971704864012,1
-0.6976476578336652,-0.703463705992116,-1.0042236045712623,-0.007509302289515428,-1.0530971704864012,1
1.0011935115806334,1.0178074801085781,-1.0983787623394436,-1.8764912054579255,0.05816777446215077,0
0.7848814372142165,0.7992723366521413,-0.7217581312667174,0.25948811244882886,-0.38633820351727005,0
-1.4151706362198286,-1.3930946723409992,0.6905692352560062,0.34848725069494363,-1.0530971704864012,1
-0.10674638151564877,-0.14537476018282233,0.5964140774878246,0.4374863889410584,2.0584446753695445,0
0.24673920342459338,0.20961330591334612,-1.4749993934121701,0.615484665433288,0.39154725794671635,0
-0.4971632962257662,-0.480017660435536,0.03148313087873518,1.6834743243866652,-1.0530971704864012,1
1.1489188306601374,1.1507526155339218,-0.156827184657628,0.7044838036794027,-1.0530971704864012,0
1.7187164899667964,1.734448408008256,0.3139486041832799,0.5264855271871732,1.947318180874689,0
0.5685693628477996,0.5596904699093714,-0.34513750019399114,-0.18550757878174495,-1.0530971704864012,0
1.491852607094701,1.5015313369728243,-1.5691545511803517,-0.3635058552739745,-1.0530971704864012,0
0.8745718095124869,0.8848623446832333,0.6905692352560062,-0.2745067170278597,-0.941970675991546,0
1.4390935645663068,1.4510192010856224,-0.5334478157303543,-0.7195024082584336,2.2806976643592547,0
-0.2280921793309551,-0.29971739761593963,-1.1925339201076253,0.615484665433288,0.6138002469364268,0
0.8323645754897714,0.8392611108961766,-1.0042236045712623,-1.2534972377351221,0.8360532359261371,0
-0.2650235091008313,-0.2435928021857154,-0.9100684468030806,1.0604803566638619,-1.0530971704864012,1
-0.7926139343847749,-0.7869490416945757,-1.1925339201076253,0.7934829419255175,-1.0530971704864012,1
2.161892447205309,2.2146644776581135,0.5964140774878246,-0.8975006847506631,1.391685708400413,0
1.5551634581287737,1.5671269578818992,-0.9100684468030806,-1.2534972377351221,0.16929426895700597,0
-1.1724790405892145,-1.1685962906201013,-1.5691545511803517,0.25948811244882886,0.2804207634518612,1
1.412714043302109,1.4183967799918042,0.8788795507923693,-0.007509302289515428,0.39154725794671635,0
0.742674203191501,0.751566430536451,0.8788795507923693,0.34848725069494363,-1.0530971704864012,0
0.38391271399841953,0.34115532645293456,-0.7217581312667174,-0.541504131766204,-1.0530971704864012,0
-1.0722368597852652,-1.0644150103527474,0.5022589197196431,0.8824820801716322,0.8360532359261371,1
0.4208440437682948,0.38991356873294253,-1.0042236045712623,-0.9864998229967779,0.16929426895700597,0
-0.40747292392749584,-0.5035198347719421,-0.0626720268894464,0.34848725069494363,-0.05295872003270443,0
-1.9005538274810567,-1.8582272569689835,-0.0626720268894464,1.9504717391250095,-1.0530971704864012,1
-0.027607817723057055,-0.05908319470885304,0.21979344641509832,-1.342496375981237,-0.16408521452755964,0
-1.5734477638050115,-1.5337569396379986,1.3496553396332773,-0.7195024082584336,-1.0530971704864012,1
-0.19116084956107982,-0.1653691473048405,0.8788795507923693,0.1704889742027141,-0.38633820351727005,1
0.6899151606631069,0.6333540014115407,0.4081037619514615,0.8824820801716322,0.16929426895700597,1
0.9484344690522384,0.9585258761854036,-1.7574648667167148,-1.1644980994890075,-0.941970675991546,0
0.7110187776744641,0.7192947881640714,0.5022589197196431,-0.6305032700123188,0.05816777446215077,0
-0.4655078707087303,-0.6182244766824635,-1.3808442356439885,-0.541504131766204,0.39154725794671635,0
-1.7158971786316761,-1.6884503557925545,1.2555001818650957,0.7044838036794027,0.16929426895700597,1
2.1935478727223456,2.247988456194809,0.5022589197196431,1.0604803566638619,-0.49746469801212523,0
0.07263436308089197,0.036328617522528396,-1.6633097089485331,-0.6305032700123188,0.8360532359261371,0
-1.2568935086346456,-1.243662937008026,2.6678275483878195,-0.6305032700123188,0.39154725794671635,1
-0.7978898386376142,-0.7999278543878142,0.3139486041832799,1.5944751861405504,0.6138002469364268,1
-2.05883095506624,-2.0213393624380727,0.8788795507923693,-0.8085015465045483,0.8360532359261371,1
-1.4784814872539018,-1.4393974635709341,0.7847243930241878,1.3274777714022061,0.16929426895700597,1
-1.2094103703590904,-1.2008679329924798,0.12563828864691676,0.34848725069494363,0.16929426895700597,1
0.84291638399545,0.8480305789321492,-0.0626720268894464,-0.7195024082584336,0.39154725794671635,0
2.3518250003075285,2.4111005616638987,-1.2866890778758069,-0.3635058552739745,-1.0530971704864012,0
0.35753319273422196,0.3194070457237234,0.6905692352560062,-0.2745067170278597,0.724926741431282,0
0.7479501074443403,0.6722904394912594,0.3139486041832799,0.08148983595659934,0.05816777446215077,1
-0.4549560622030516,-0.44073044363437874,0.21979344641509832,-1.0754989612428927,-1.0530971704864012,1
1.977235798355929,2.0105112617806715,-0.6276029734985359,0.1704889742027141,0.2804207634518612,0
-1.6947935616203185,-1.6705606409991705,-0.9100684468030806,-0.45250499352008927,-0.16408521452755964,1
1.391610426290751,1.391737597162448,-1.1925339201076253,-1.6094937907195812,-1.0530971704864012,0
-0.8084416471432938,-0.8062418713737147,1.5379656551696403,0.34848725069494363,0.16929426895700597,1
0.43139585227397437,0.39552602827596484,-0.156827184657628,0.8824820801716322,-0.16408521452755964,0
1.0697802668675456,1.0830523222962134,1.0671898663287325,0.1704889742027141,0.05816777446215077,0
0.29422234170014916,0.25556531842184244,0.3139486041832799,-1.0754989612428927,1.6139386973901235,0
0.18870425664335988,0.18470801669118478,0.5022589197196431,0.25948811244882886,-0.49746469801212523,1
-0.5393705302484817,-0.531231353765615,0.8788795507923693,0.1704889742027141,1.6139386973901235,1
-0.7820621258790962,-0.7767764587728467,0.7847243930241878,-0.007509302289515428,1.0583062249158475,1
-1.3782393064499523,-1.3601214725257424,0.4081037619514615,-1.0754989612428927,-1.0530971704864012,1
-0.06981505174577259,-0.10608754338166608,0.03148313087873518,-0.007509302289515428,-0.16408521452755964,0
1.0856079796260645,1.0925233477750642,-1.2866890778758069,-0.18550757878174495,1.0583062249158475,0
-0.006504200711698826,0.019491238893461434,-0.815913289034899,0.1704889742027141,-0.49746469801212523,1
1.4021622347964304,1.404365631134248,-0.2509823424258096,-0.541504131766204,1.947318180874689,0
-0.34943797714626235,-0.44073044363437874,-0.34513750019399114,-0.541504131766204,0.9471797304209923,0
-0.5340946259956424,-0.5263204516654709,-1.4749993934121701,2.573465706847813,-0.7197176870018356,1
-1.204134466106251,-1.1959570308923357,0.8788795507923693,0.1704889742027141,-1.0530971704864012,1
-0.5921295727768768,-0.5887590640815955,0.7847243930241878,0.25948811244882886,-0.05295872003270443,1
-0.03288372197589638,-0.0008539269499953469,-0.34513750019399114,0.7044838036794027,0.5026737524415715,1
0.35753319273422196,0.3162500372307732,-2.604861286630349,-0.3635058552739745,0.05816777446215077,0
2.4731707981228355,2.4605603613867837,-2.0399303400212596,-1.0754989612428927,0.05816777446215077,0
-0.5129910089842851,-0.4933472518502141,-1.3808442356439885,0.5264855271871732,-1.0530971704864012,1
-1.0511332427739073,-1.03775582752339,-0.6276029734985359,0.7934829419255175,0.6138002469364268,1
-0.8717524981773666,-0.867277368904084,1.443810497401459,0.971481218417747,-0.8308441814966908,1
-1.3202043596687185,-1.314169460017246,0.12563828864691676,2.128470015617239,0.39154725794671635,1
-1.58927547656353,-1.5505943182670656,0.12563828864691676,1.6834743243866652,1.280559213905558,1
2.0036153196201254,2.036118108445712,-0.5334478157303543,-1.0754989612428927,1.1694327194107028,0
-1.230513987370448,-1.2215638775573754,-0.4392926579621727,0.5264855271871732,-0.2752117090224148,1
-1.4257224447255072,-1.3987071318840214,-0.0626720268894464,-0.8085015465045483,-1.0530971704864012,1
-0.3863693069161385,-0.4821223327641695,-0.7217581312667174,-0.541504131766204,-1.0530971704864012,0
-2.074658667824758,-2.036773626181385,-0.4392926579621727,0.5264855271871732,-0.6085911925069805,1
-0.861200689671688,-0.8585079008681115,-0.5334478157303543,1.5054760478944356,-0.49746469801212523,1
-0.3019548388707075,-0.2821784615439945,-1.1925339201076253,-0.3635058552739745,-1.0530971704864012,1
1.106711596637422,1.106203717911181,0.12563828864691676,0.615484665433288,0.6138002469364268,0
0.48415489480236856,0.468488002335257,-1.0042236045712623,-0.45250499352008927,-0.16408521452755964,0
0.674087447904588,0.6715888820483812,-0.156827184657628,0.08148983595659934,0.6138002469364268,0
1.1489188306601374,1.1511033942553603,0.7847243930241878,-0.6305032700123188,0.16929426895700597,0
1.1805742561771742,1.1784641345275948,-0.4392926579621727,-0.6305032700123188,-1.0530971704864012,0
-0.5657500515126793,-0.556487421709216,0.4081037619514615,0.1704889742027141,-1.0530971704864012,1
-0.7767862216262569,-0.767305433293997,1.161345024096914,-1.8764912054579255,-0.941970675991546,1
0.22035968216039675,0.21908433139219685,0.3139486041832799,0.08148983595659934,-1.0530971704864012,1
-0.42330063668601475,-0.41056347359063267,0.8788795507923693,0.4374863889410584,0.16929426895700597,1
1.528783936864577,1.5443263409883703,-0.0626720268894464,-1.342496375981237,0.724926741431282,0
-1.8266911679413043,-1.8084166785246591,1.632120812937822,1.416476909648321,-1.0530971704864012,1
-1.3676874979442737,-1.3510012257683301,1.0671898663287325,0.08148983595659934,-0.8308441814966908,1
-0.6870958493279865,-0.6915372294631942,-0.9100684468030806,-1.0754989612428927,-1.0530971704864012,1
1.1172634051431005,1.125496547590321,-0.7217581312667174,-0.2745067170278597,1.1694327194107028,0
0.6055006926176758,0.5719677251597328,-0.815913289034899,0.7934829419255175,1.1694327194107028,1
0.8323645754897714,0.8392611108961766,0.973034708560551,-0.8085015465045483,1.5028122028952684,0
-0.9878223917398345,-0.9795265597645324,-0.0626720268894464,-0.3635058552739745,0.2804207634518612,1
0.7110187776744641,0.7185932307211943,-0.9100684468030806,-0.8085015465045483,1.0583062249158475,0
-0.9930982959926739,-0.9809296746502887,0.21979344641509832,-0.6305032700123188,0.39154725794671635,1
-0.6870958493279865,-0.6911864507417547,1.632120812937822,-0.18550757878174495,0.6138002469364268,1
-1.0986163810494622,-1.0945819803964925,1.9145862862423668,-0.007509302289515428,-1.0530971704864012,1
-0.3388861686405837,-0.43020708199121127,-0.4392926579621727,0.1704889742027141,0.8360532359261371,0
0.7479501074443403,0.7603358985724236,0.03148313087873518,-2.054489481950155,-1.0530971704864012,0
0.7690537244556976,0.781031843137319,-3.26394739100762,0.34848725069494363,0.9471797304209923,0
-0.12784999852700607,-0.17133238556930142,-0.0626720268894464,-0.007509302289515428,1.0583062249158475,0
1.090883883878904,1.097785028596648,0.3139486041832799,-0.6305032700123188,0.39154725794671635,0
1.3810586177850723,1.3861251376194257,0.8788795507923693,-1.8764912054579255,0.9471797304209923,0
1.6817851601969203,1.691653403992709,0.7847243930241878,0.1704889742027141,0.8360532359261371,0
-1.7317248913901946,-1.7101986365217667,0.3139486041832799,2.395467430355583,-1.0530971704864012,1
-0.42330063668601475,-0.5403516005230272,-0.4392926579621727,0.5264855271871732,2.1695711698643994,0
-0.7820621258790962,-0.7753733438870914,1.8204311284741852,1.5054760478944356,-0.6085911925069805,1
0.5632934585949603,0.5519733380377156,-0.4392926579621727,0.4374863889410584,-0.16408521452755964,0
1.4074381390492698,1.4138366566130987,-1.0983787623394436,-1.9654903437040403,-0.05295872003270443,0
-0.1331259027798454,-0.10328131361015443,1.9145862862423668,2.395467430355583,-0.7197176870018356,1
0.8059850542255739,0.8136542642311371,-1.1925339201076253,-0.7195024082584336,0.9471797304209923,0
0.17815244813768125,0.14191301267563872,0.21979344641509832,-1.5204946524734664,0.16929426895700597,0
1.5868188836458106,1.5927338045469388,1.161345024096914,0.615484665433288,1.5028122028952684,0
1.2491610114640863,1.2458136490438647,0.5964140774878246,-0.18550757878174495,-0.6085911925069805,0
0.8270886712369321,0.8385595534532985,-1.6633097089485331,0.4374863889410584,-0.16408521452755964,0
-0.2808512218593502,-0.3618052313106257,-1.3808442356439885,-0.6305032700123188,-1.0530971704864012,0
0.07263436308089197,0.092102434231314,3.0444481794605456,0.7934829419255175,-1.0530971704864012,1
-1.0142019130040312,-1.0023271766580613,0.6905692352560062,-0.007509302289515428,-1.0530971704864012,1
-1.0089260087511918,-0.9967147171150389,1.161345024096914,-0.2745067170278597,-1.0530971704864012,1
-1.1038922853023019,-1.1001944399395147,0.6905692352560062,0.615484665433288,-1.0530971704864012,1
0.7637778202028583,0.775068604872857,2.1970517595469117,-0.0965084405356302,1.280559213905558,0
-0.37054159415762056,-0.35478965688184705,0.4081037619514615,-1.4314955142273518,-0.7197176870018356,1
-1.21468627461193,-1.2078835074212586,0.6905692352560062,0.08148983595659934,-1.0530971704864012,1
-0.7187512748450234,-0.7206518633426225,1.5379656551696403,0.34848725069494363,-1.0530971704864012,1
-0.5077151047314458,-0.48738401358575223,0.12563828864691676,1.7724734626327798,-0.38633820351727005,1
0.8481922882482894,0.8634648426754609,-1.0042236045712623,0.1704889742027141,-0.6085911925069805,0
-1.4521019659897043,-1.4194030764489167,0.7847243930241878,-0.6305032700123188,-1.0530971704864012,1
-0.0750909559986119,-0.04715671817993023,0.03148313087873518,1.8614726008788947,-1.0530971704864012,1
0.15177292687348368,0.12191862555362051,0.03148313087873518,-0.3635058552739745,-0.05295872003270443,0
1.228057394452729,1.232133278907747,-1.945775182253078,-1.342496375981237,-0.16408521452755964,0
-1.3676874979442737,-1.349598110882575,-0.5334478157303543,0.971481218417747,-0.49746469801212523,1
-1.9111056359867353,-1.8691013973335895,-0.0626720268894464,0.971481218417747,0.724926741431282,1
0.7743296287085369,0.7873458601232194,-1.1925339201076253,-0.8975006847506631,-1.0530971704864012,0
-1.6103790935748878,-1.5916354286754177,2.4795172328514563,2.573465706847813,-0.05295872003270443,1
1.3230236710038388,1.3187756231031558,0.12563828864691676,-0.0965084405356302,1.0583062249158475,0
0.9378826605465598,0.9532641953638199,-0.6276029734985359,-1.2534972377351221,-0.16408521452755964,0
-1.642034519091924,-1.6295195305908192,-0.9100684468030806,0.25948811244882886,-1.0530971704864012,1
-0.35471388139910165,-0.3414600654671689,0.8788795507923693,0.7934829419255175,-1.0530971704864012,1
0.9959176073277932,1.0121950205655559,-1.0042236045712623,0.8824820801716322,-0.05295872003270443,0
0.5369139373307628,0.5263664913726751,-1.2866890778758069,-0.2745067170278597,1.6139386973901235,0
-2.064106859319079,-2.022040919880951,1.161345024096914,0.4374863889410584,-0.05295872003270443,1
-0.9245115407057608,-0.914281717576897,0.4081037619514615,0.615484665433288,0.9471797304209923,1
-0.40747292392749584,-0.5017659411647472,-1.0042236045712623,-0.0965084405356302,3.1697096203180966,0
-1.2832730298988426,-1.2640081028514827,2.0087414440105484,1.416476909648321,-1.0530971704864012,1
0.08846207583941086,0.10262579587448148,0.8788795507923693,-0.8975006847506631,-1.0530971704864012,1
-0.04343553048157502,-0.07837602438799207,0.973034708560551,0.1704889742027141,-0.16408521452755964,0
-0.5815777642711972,-0.579989596045623,-0.6276029734985359,1.5944751861405504,-0.8308441814966908,1
-0.3177825516292255,-0.2937541593514787,-0.2509823424258096,0.08148983595659934,-1.0530971704864012,1
-0.5551982430070006,-0.5508749621661937,-0.34513750019399114,-0.8085015465045483,0.05816777446215077,1
-0.03288372197589638,-0.06469565425187536,-0.2509823424258096,-1.2534972377351221,-0.05295872003270443,0
0.558017554342121,0.5463608784946933,-0.9100684468030806,-0.8975006847506631,0.9471797304209923,0
-0.5868536685240375,-0.5834973832600118,0.5964140774878246,0.4374863889410584,0.8360532359261371,1
-1.1355477108193384,-1.1391308780192335,-2.0399303400212596,1.0604803566638619,-0.8308441814966908,1
-0.6659922323166283,-0.6631241530266431,1.2555001818650957,0.34848725069494363,0.8360532359261371,1
-1.0511332427739073,-1.036001933916196,-0.156827184657628,-0.7195024082584336,-0.6085911925069805,1
-0.6818199450751472,-0.6852232124772937,-1.3808442356439885,0.08148983595659934,-1.0530971704864012,1
-0.7187512748450234,-0.7203010846211839,0.12563828864691676,1.1494794949099765,-1.0530971704864012,1
-1.3307561681743976,-1.3229389280532187,0.03148313087873518,1.5054760478944356,-1.0530971704864012,1
-0.28612712611218954,-0.27095354245794984,0.973034708560551,1.416476909648321,0.39154725794671635,1
-1.7317248913901946,-1.711952530128961,0.4081037619514615,1.2384786331560913,0.2804207634518612,1
-1.1988585618534116,-1.1952554734494576,0.7847243930241878,0.615484665433288,-1.0530971704864012,1
-0.7398548918563806,-0.7381907994145677,1.5379656551696403,1.0604803566638619,-1.0530971704864012,1
-0.8400970726603297,-0.8448275307319938,0.3139486041832799,-0.3635058552739745,-0.6085911925069805,1
-0.5077151047314458,-0.49194413696445877,0.7847243930241878,1.6834743243866652,-1.0530971704864012,1
1.7398201069781538,1.7551443525731505,0.4081037619514615,-0.7195024082584336,-0.38633820351727005,0
0.49470670330804717,0.4839222660785686,0.5964140774878246,-1.6094937907195812,-0.49746469801212523,0
-0.15422951979120364,-0.21868751296355304,-1.0983787623394436,0.08148983595659934,2.39182415885411,0
-0.8981320194415642,-0.8900779857976129,0.03148313087873518,-0.007509302289515428,-0.05295872003270443,1
0.2678428204359516,0.21978588883507502,-0.6276029734985359,0.4374863889410584,1.0583062249158475,0
-0.5763018600183579,-0.571570906731089,-0.7217581312667174,1.2384786331560913,0.5026737524415715,1
-0.7345789876035413,-0.7336306760358621,-0.156827184657628,2.395467430355583,-0.6085911925069805,1
1.2227814901998897,1.5113531411731136,1.5379656551696403,1.1494794949099765,-0.941970675991546,1
-0.760958508867738,-0.7511696121078072,0.973034708560551,1.3274777714022061,-1.0530971704864012,1
0.6793633521574273,0.6772013415914035,-1.0042236045712623,-1.4314955142273518,-1.0530971704864012,0
0.3997404267569375,0.3625528284607081,-1.1925339201076253,-0.541504131766204,2.836330136833531,0
0.8112609584784132,0.8189159450527198,-1.0983787623394436,-1.698492928965696,0.8360532359261371,0
-0.6185090940410735,-0.6157690256323904,-0.6276029734985359,1.2384786331560913,-1.0530971704864012,1
0.14122111836780504,0.10192423843160331,0.12563828864691676,-1.0754989612428927,-0.05295872003270443,0
1.5551634581287737,1.566425400439021,0.03148313087873518,-1.698492928965696,-0.05295872003270443,0
-0.01705600921737841,-0.04961216923000231,0.12563828864691676,-0.9864998229967779,1.391685708400413,0
0.23091149066607541,0.18470801669118478,-0.6276029734985359,-0.18550757878174495,-0.49746469801212523,0
1.882269521804819,1.9182564580422403,0.3139486041832799,0.1704889742027141,1.5028122028952684,0
-0.6290609025467521,-0.6298001744899467,0.4081037619514615,1.3274777714022061,-0.38633820351727005,1
-0.08564276450429055,-0.1197679135177828,0.21979344641509832,-0.007509302289515428,1.1694327194107028,0
-0.7926139343847749,-0.7890537140232091,-0.4392926579621727,1.1494794949099765,-0.49746469801212523,1
1.3335754795095174,1.3257911975319345,0.5964140774878246,-0.3635058552739745,1.836191686379834,0
-0.9983742002455132,-0.988296027800505,-1.3808442356439885,-1.0754989612428927,-1.0530971704864012,1
-0.5129910089842851,-0.5003628262789918,0.973034708560551,0.08148983595659934,-1.0530971704864012,1
1.428541756060627,1.4433020692139666,0.3139486041832799,-0.6305032700123188,1.280559213905558,0
-0.06981505174577259,-0.04329815224410183,1.7262759707060036,0.08148983595659934,0.2804207634518612,1
2.0352707451371623,2.069792865703846,-0.815913289034899,-0.7195024082584336,-1.0530971704864012,0
0.7215705861801428,0.7273626987571669,-1.1925339201076253,0.7934829419255175,0.8360532359261371,0
0.5316380330779233,0.49514718516461326,-1.1925339201076253,1.6834743243866652,-1.0530971704864012,1
-1.336032072427237,-1.3264467152676074,0.7847243930241878,0.25948811244882886,0.5026737524415715,1
-0.5710259557655186,-0.5656076684666281,-2.228240655557623,1.5054760478944356,1.391685708400413,1
-0.7978898386376142,-0.7995770756663756,-1.3808442356439885,-0.6305032700123188,-0.49746469801212523,1
-0.9878223917398345,-0.9788250023216553,-0.815913289034899,0.971481218417747,0.16929426895700597,1
-0.877028402430206,-0.871486713561351,-0.6276029734985359,0.7044838036794027,-1.0530971704864012,1
0.5685693628477996,0.5586381337450547,-0.4392926579621727,-1.8764912054579255,0.5026737524415715,0
-1.262169412887485,-1.249626175272488,0.973034708560551,0.7934829419255175,0.724926741431282,1
-0.35471388139910165,-0.3414600654671689,1.0671898663287325,1.1494794949099765,-0.8308441814966908,1
-0.5815777642711972,-0.579989596045623,0.4081037619514615,0.8824820801716322,-1.0530971704864012,1
1.1805742561771742,1.1805688068562283,0.6905692352560062,-0.18550757878174495,0.05816777446215077,0
-0.6132331897882342,-0.6108581235322462,-1.0042236045712623,1.3274777714022061,-1.0530971704864012,1
-1.5734477638050115,-1.5313014885879266,0.12563828864691676,-1.342496375981237,-1.0530971704864012,1
0.3733609054927399,0.332385858416962,-0.815913289034899,-1.342496375981237,1.280559213905558,0
0.14649702262064437,0.1082382554175038,0.21979344641509832,-0.541504131766204,2.836330136833531,0
1.3124718624981602,1.3012366870312106,-0.4392926579621727,-0.007509302289515428,-0.05295872003270443,0
1.143642926407298,1.1475956070409716,-1.0983787623394436,-0.8085015465045483,-0.49746469801212523,0
0.6846392564102666,0.6842169160201812,-1.1925339201076253,-0.18550757878174495,1.280559213905558,0
-0.6185090940410735,-0.618575255403902,1.443810497401459,-0.007509302289515428,-1.0530971704864012,1
0.3153259587115065,0.27520892682242104,-0.0626720268894464,-0.0965084405356302,1.280559213905558,0
1.8717177132991396,1.8926496113772007,0.5022589197196431,-0.2745067170278597,-1.0530971704864012,0
1.2333332987055683,1.238096517172209,-0.0626720268894464,-0.541504131766204,0.05816777446215077,0
-0.7187512748450234,-0.7210026420640612,1.443810497401459,0.7044838036794027,0.39154725794671635,1
-0.18588494530823957,-0.16186136009045068,1.0671898663287325,-1.342496375981237,-1.0530971704864012,1
-1.314928455415879,-1.3103108940814177,-1.0983787623394436,1.2384786331560913,0.05816777446215077,1
1.5657152666344523,2.0056003596805274,0.4081037619514615,0.8824820801716322,0.6138002469364268,1
-0.28612712611218954,-0.36250678875350284,-0.156827184657628,-0.541504131766204,1.7250651918849789,0
-0.243919892089474,-0.22324763634225864,0.973034708560551,1.3274777714022061,1.6139386973901235,1
-0.8823043066830453,-0.8749945007757398,0.4081037619514615,1.2384786331560913,1.947318180874689,1
0.6160525011233544,0.6073963760250617,-0.815913289034899,-0.541504131766204,-0.6085911925069805,0
0.5843970756063176,0.575124733652683,-2.0399303400212596,-0.7195024082584336,1.5028122028952684,0
-0.861200689671688,-0.8585079008681115,-0.9100684468030806,0.25948811244882886,-1.0530971704864012,1
-1.2568935086346456,-1.2433121582865874,-0.4392926579621727,0.7934829419255175,-1.0530971704864012,1
0.17815244813768125,0.17488621249089548,-1.0983787623394436,1.2384786331560913,-1.0530971704864012,1
0.7268464904329821,0.7333259370216277,0.12563828864691676,-1.342496375981237,1.0583062249158475,0
0.0357030333110167,0.0012507453786381477,0.12563828864691676,-0.2745067170278597,1.5028122028952684,0
-1.2094103703590904,-1.206831171256942,1.2555001818650957,0.4374863889410584,-0.941970675991546,1
0.5738452671006389,0.5635490358451988,-0.0626720268894464,-0.8975006847506631,-0.16408521452755964,0
-1.3202043596687185,-1.3131171238529293,0.21979344641509832,1.3274777714022061,-0.38633820351727005,1
-2.2434876039156197,-2.183749910464285,0.12563828864691676,-0.541504131766204,-1.0530971704864012,1
-0.038159626228735706,-0.07100967123777584,-0.0626720268894464,-0.007509302289515428,0.8360532359261371,0
0.10956569285076816,0.06684636628771307,0.6905692352560062,1.2384786331560913,0.16929426895700597,0
0.157048831126323,0.12718030637520425,-1.7574648667167148,-1.342496375981237,1.0583062249158475,0
-1.0564091470267467,-1.0482791891665575,1.632120812937822,2.0394708773711243,-1.0530971704864012,1
0.04625484181669534,0.07526505560224704,0.03148313087873518,0.8824820801716322,0.39154725794671635,1
1.576267075140132,1.5846658939538443,0.12563828864691676,-0.3635058552739745,0.9471797304209923,0
0.18342835239052055,0.14682391477578285,0.21979344641509832,-0.7195024082584336,1.5028122028952684,0
1.4707489900833426,1.4773276051935402,-0.4392926579621727,-0.3635058552739745,1.391685708400413,0
0.2889464374473089,0.2860830671870271,0.03148313087873518,-0.45250499352008927,-0.05295872003270443,1
0.8376404797426107,0.844873570439199,-0.34513750019399114,-1.2534972377351221,-0.16408521452755964,0
1.1964019689356922,1.1949507344352233,-0.5334478157303543,-0.7195024082584336,1.1694327194107028,0
0.12011750135644775,0.08087751514526936,0.5964140774878246,0.25948811244882886,-0.38633820351727005,0
-0.5604741472598399,-0.55227807705195,0.21979344641509832,3.0184613980783865,-1.0530971704864012,1
0.48943079905520787,0.47374968315683974,-0.7217581312667174,-0.6305032700123188,-1.0530971704864012,0
0.7796055329613772,0.7940106558305585,-0.4392926579621727,-2.14348862019627,-1.0530971704864012,0
-0.9561669662227976,-0.9458518025063984,-0.7217581312667174,1.1494794949099765,0.16929426895700597,1
-0.6976476578336652,-0.7062699357636276,-1.1925339201076253,-0.3635058552739745,-0.05295872003270443,1
0.44722356503249233,0.4116618494621546,0.4081037619514615,-2.054489481950155,-0.2752117090224148,0
-0.6026813812825554,-0.5975285321175681,-0.34513750019399114,-0.8085015465045483,-1.0530971704864012,1
0.38918861825125883,0.35167868809610203,-0.7217581312667174,-0.6305032700123188,0.6138002469364268,0
0.742674203191501,0.7568281113580347,0.4081037619514615,-2.054489481950155,-0.941970675991546,0
0.4630512777910103,0.423939104712516,0.8788795507923693,-0.007509302289515428,-1.0530971704864012,1
1.4179899475549484,1.4233076820919495,-0.34513750019399114,-2.944480864411303,0.05816777446215077,0
-1.8372429764469833,-1.8192908188892654,0.21979344641509832,-0.6305032700123188,-0.2752117090224148,1
-0.259747604847992,-0.23938345752844842,-0.2509823424258096,0.7044838036794027,-1.0530971704864012,1
-0.7504067003620594,-0.7441540376790295,-0.0626720268894464,-0.007509302289515428,-1.0530971704864012,1
-0.359989785651941,-0.3460201888458745,-0.0626720268894464,0.7934829419255175,-1.0530971704864012,1
-0.5921295727768768,-0.58419894070289,-0.156827184657628,-0.0965084405356302,-0.941970675991546,1
-0.9034079236944035,-0.8977951176692687,-0.4392926579621727,-0.3635058552739745,-0.05295872003270443,1
0.3206018629643458,0.30327122453753363,-0.2509823424258096,-0.45250499352008927,-1.0530971704864012,1
0.1359452141149657,0.14717469349722245,0.12563828864691676,1.1494794949099765,-1.0530971704864012,1
-0.9192356364529214,-0.9058630282623631,-0.9100684468030806,1.3274777714022061,-0.16408521452755964,1
1.2175055859470505,1.2114373343428517,-0.9100684468030806,0.25948811244882886,0.2804207634518612,0
1.4179899475549484,1.42611391186346,-2.604861286630349,-0.2745067170278597,0.724926741431282,0
-0.660716328063789,-0.6585640296479375,0.8788795507923693,0.08148983595659934,-1.0530971704864012,1
-0.5288187217428031,-0.6701397274554207,0.12563828864691676,-1.8764912054579255,0.724926741431282,0
-0.12784999852700607,-0.16712304091203442,0.5964140774878246,-0.541504131766204,-0.49746469801212523,0
-0.27029941335367064,-0.24920526172873772,-0.9100684468030806,-0.007509302289515428,-1.0530971704864012,1
-0.243919892089474,-0.22114296401362513,0.973034708560551,0.7934829419255175,-1.0530971704864012,1
-0.3177825516292255,-0.41056347359063267,-2.0399303400212596,-0.18550757878174495,1.947318180874689,0
-1.9533128700094509,-1.909440950299063,-0.7217581312667174,0.25948811244882886,-1.0530971704864012,1
0.24146329917175405,0.23662326746414197,0.5022589197196431,2.128470015617239,-0.6085911925069805,1
0.65825973514607,0.6547515034193143,0.5964140774878246,-1.698492928965696,1.391685708400413,0
2.631447925708019,2.6766400537931476,0.4081037619514615,-0.7195024082584336,-0.38633820351727005,0
-1.1935826576005724,-1.1892922351849968,-0.5334478157303543,1.3274777714022061,-1.0530971704864012,1
0.44722356503249233,0.4102587345763993,-2.3223958133258042,-1.2534972377351221,-1.0530971704864012,0
0.5158103203194054,0.5011104234290742,-0.34513750019399114,-0.9864998229967779,2.6140771478438203,0
1.2860923412339627,1.284399308402144,-0.0626720268894464,-1.342496375981237,0.724926741431282,0
0.7215705861801428,0.7291165923643608,-0.5334478157303543,-0.45250499352008927,0.724926741431282,0
0.5685693628477996,0.5596904699093714,-0.5334478157303543,-0.45250499352008927,0.16929426895700597,0
1.1383670221544586,1.142333926219388,1.161345024096914,-0.45250499352008927,1.5028122028952684,0
1.0011935115806334,1.015352029058506,0.21979344641509832,-2.14348862019627,0.2804207634518612,0
0.18342835239052055,0.14682391477578285,-0.4392926579621727,-0.6305032700123188,0.2804207634518612,0
-0.1753331368025609,-0.1499348835615289,-0.815913289034899,0.7934829419255175,-0.49746469801212523,1
1.5868188836458106,1.598346264089961,0.03148313087873518,-0.541504131766204,0.2804207634518612,0
1.2491610114640863,1.2486198788153753,-0.5334478157303543,-1.9654903437040403,1.7250651918849789,0
0.7796055329613772,0.794361434551997,1.0671898663287325,-0.18550757878174495,0.9471797304209923,0
0.3047741502058278,0.2671410162293267,0.21979344641509832,-0.7195024082584336,-1.0530971704864012,0
-0.4707837749615696,-0.4617771669207127,1.9145862862423668,-0.0965084405356302,-1.0530971704864012,1
1.0697802668675456,1.0819999861318967,-1.2866890778758069,-0.18550757878174495,0.6138002469364268,0
-1.130271806566499,-1.1384293205763554,-0.2509823424258096,-0.0965084405356302,-1.0530971704864012,1
0.18870425664335988,0.18260334436255127,2.3853620750832745,-0.541504131766204,-0.6085911925069805,1
0.0357030333110167,0.0012507453786381477,-1.0042236045712623,-0.7195024082584336,0.5026737524415715,0
-1.3940670192084708,-1.3752049575476144,0.5022589197196431,1.416476909648321,-0.941970675991546,1
0.5527416500892807,0.5453085423303765,0.3139486041832799,-0.18550757878174495,-0.16408521452755964,0
-0.3336102643877444,-0.31445010391637407,1.3496553396332773,1.5944751861405504,-1.0530971704864012,1
0.4788789905495292,0.46077087046360116,0.973034708560551,-0.18550757878174495,1.5028122028952684,0
1.1700224476714947,1.1739040111488892,0.12563828864691676,-0.45250499352008927,0.724926741431282,0
0.28367053319446955,0.24679585038586987,-1.8516200244848964,0.08148983595659934,1.6139386973901235,0
-0.10674638151564877,-0.07451745845216466,0.3139486041832799,1.1494794949099765,-0.941970675991546,1
-1.3940670192084708,-1.3748541788261759,0.7847243930241878,0.7934829419255175,0.2804207634518612,1
2.4731707981228355,2.456000238008078,-0.7217581312667174,0.1704889742027141,1.280559213905558,0
1.2386092029584077,1.2402011895008425,1.8204311284741852,-1.1644980994890075,-0.49746469801212523,0
1.3810586177850723,1.3836696865693536,0.03148313087873518,-0.45250499352008927,1.391685708400413,0
0.7743296287085369,0.7883981962875352,1.9145862862423668,-1.4314955142273518,1.280559213905558,0
-0.3810934026632992,-0.3635591249178196,-0.0626720268894464,0.7044838036794027,-1.0530971704864012,1
-1.8055875509299464,-1.788071512681203,2.1970517595469117,0.615484665433288,-0.941970675991546,1
-0.09091866875712987,-0.12292492201073305,-3.1697922332394386,-0.7195024082584336,-0.6085911925069805,0
-0.5868536685240375,-0.5838481619814504,-0.2509823424258096,1.5944751861405504,-0.05295872003270443,1
-1.4468260617368651,-1.4144921743487717,-0.0626720268894464,-0.0965084405356302,-1.0530971704864012,1
0.8007091499727345,0.8083925834095533,-2.4165509710939856,0.971481218417747,0.5026737524415715,0
0.4524994692853317,0.42534221959827134,-0.2509823424258096,-0.0965084405356302,-0.49746469801212523,0
-0.6976476578336652,-0.7024113698278003,0.7847243930241878,0.7934829419255175,0.2804207634518612,1
-0.8189934556489724,-0.820273020231271,0.5964140774878246,1.7724734626327798,-1.0530971704864012,1
1.159470639165816,1.1623283133414062,-0.34513750019399114,-0.6305032700123188,-1.0530971704864012,0
1.1489188306601374,1.1514541729768,-0.0626720268894464,0.7934829419255175,0.8360532359261371,0
-0.0750909559986119,-0.047507496901368816,1.3496553396332773,0.7044838036794027,-1.0530971704864012,1
0.14649702262064437,0.10718591925318705,0.3139486041832799,-0.2745067170278597,2.1695711698643994,0
1.6026465964043286,1.606764953404495,0.03148313087873518,0.7934829419255175,0.6138002469364268,0
-0.3969211154218172,-0.48878712847150857,-0.0626720268894464,-1.5204946524734664,1.280559213905558,0
-1.1249959023136598,-1.1254505078831156,0.21979344641509832,0.971481218417747,-1.0530971704864012,1
0.23618739491891474,0.19558215705579082,-0.815913289034899,-0.2745067170278597,0.8360532359261371,0
-1.1672031363363748,-1.400811804212655,-0.34513750019399114,-2.944480864411303,0.39154725794671635,0
-1.4415501574840257,-1.4123875020201382,-0.7217581312667174,1.2384786331560913,-0.941970675991546,1
1.4496453730719854,1.4590871116787167,1.9145862862423668,-1.7874920672118109,-0.05295872003270443,0
-1.346583880932916,-1.3320591748106299,-0.7217581312667174,0.25948811244882886,-0.16408521452755964,1
-0.444404253697372,-0.42915474582689456,0.8788795507923693,1.0604803566638619,-0.49746469801212523,1
-1.9849682955264878,-1.953989847921804,0.4081037619514615,-0.8085015465045483,-0.7197176870018356,1
1.359955000773715,1.3605182909543851,-1.0983787623394436,-0.0965084405356302,1.391685708400413,0
0.9273308520408811,0.9329190295203632,-0.0626720268894464,-0.9864998229967779,0.2804207634518612,0
-0.7081994663393438,-0.7094269442565779,0.5022589197196431,-0.007509302289515428,-1.0530971704864012,1
0.7637778202028583,0.7785763920872468,1.3496553396332773,0.5264855271871732,-0.2752117090224148,0
0.9431585647993991,0.9564212038567702,-0.156827184657628,-0.6305032700123188,1.280559213905558,0
0.5791211713534783,0.570915388995416,1.161345024096914,-0.45250499352008927,1.1694327194107028,0
-1.2674453171403244,-1.2548878560940717,1.5379656551696403,2.217469153863354,0.16929426895700597,1
-1.6262068063334059,-1.6077712498616066,0.5022589197196431,1.5054760478944356,-0.941970675991546,1
-0.7081994663393438,-0.7157409612424784,-0.4392926579621727,1.0604803566638619,-1.0530971704864012,1
1.2069537774413708,1.2037202024711957,0.4081037619514615,-1.0754989612428927,0.39154725794671635,0
0.28367053319446955,0.28082138636544335,0.5964140774878246,1.1494794949099765,-0.6085911925069805,1
-0.9719946789813156,-0.9619876236925873,0.7847243930241878,0.4374863889410584,-1.0530971704864012,1
-1.0511332427739073,-1.03775582752339,0.21979344641509832,-0.8085015465045483,0.05816777446215077,1
0.858744096753968,0.8669726298898497,0.21979344641509832,-1.342496375981237,2.2806976643592547,0
-0.9508910619699583,-0.9416424578491315,-0.0626720268894464,-0.8085015465045483,-1.0530971704864012,1
-0.7978898386376142,-0.7985247395020588,1.443810497401459,0.7934829419255175,0.6138002469364268,1
1.011745320086312,1.0234199396516004,0.5022589197196431,0.7044838036794027,-1.0530971704864012,0
0.23618739491891474,0.19908994427017965,-0.34513750019399114,-0.7195024082584336,-1.0530971704864012,0
0.5685693628477996,0.5586381337450547,-1.2866890778758069,-2.054489481950155,1.5028122028952684,0
1.391610426290751,1.3899837035552531,-0.7217581312667174,0.1704889742027141,1.391685708400413,0
1.5709911708872926,1.5730901961463601,-0.4392926579621727,-0.3635058552739745,1.5028122028952684,0
0.3944645225040982,0.3604481561320746,-0.815913289034899,-1.8764912054579255,2.39182415885411,0
1.444369468819146,1.4559301031857665,0.5964140774878246,-2.054489481950155,-0.49746469801212523,0
-0.09091866875712987,-0.058381637265974874,-1.3808442356439885,0.1704889742027141,-0.7197176870018356,1
1.2386092029584077,1.2394996320579643,1.3496553396332773,0.08148983595659934,1.947318180874689,0
-1.277997125646003,-1.2636573241300442,-0.156827184657628,-0.541504131766204,-0.6085911925069805,1
-0.006504200711698826,0.020894353779216765,1.3496553396332773,1.5944751861405504,-1.0530971704864012,1
-0.12257409427416675,-0.16115980264757354,1.3496553396332773,-1.2534972377351221,0.2804207634518612,0
1.0328489370976695,1.045518999102251,0.21979344641509832,-0.18550757878174495,-1.0530971704864012,0
-0.7187512748450234,-0.7206518633426225,0.5964140774878246,-0.541504131766204,-1.0530971704864012,1
-1.130271806566499,-1.1387800992977948,1.0671898663287325,-0.8085015465045483,0.39154725794671635,1
0.5791211713534783,0.5716169464382942,-1.0042236045712623,0.25948811244882886,1.280559213905558,0
-0.9614428704756369,-0.9528673769351761,0.6905692352560062,0.34848725069494363,-1.0530971704864012,1
0.4524994692853317,0.4162219728408602,-1.4749993934121701,0.34848725069494363,0.9471797304209923,0
0.11484159710360749,0.1243740766036936,-1.5691545511803517,0.5264855271871732,1.0583062249158475,1
-0.5499223387541613,-0.5417547154087825,0.5964140774878246,0.25948811244882886,-0.16408521452755964,1
-0.9508910619699583,-0.9423440152920086,0.3139486041832799,2.6624648450939277,-1.0530971704864012,1
0.5843970756063176,0.5744231762098049,-2.134085497789441,-1.2534972377351221,-1.0530971704864012,0
-1.4943092000124198,-1.4572871783643178,2.4795172328514563,0.1704889742027141,-1.0530971704864012,1
0.01987532055249779,-0.016288190693306975,-0.5334478157303543,-1.7874920672118109,-1.0530971704864012,0
-0.7029235620865045,-0.7083746080922612,0.21979344641509832,0.4374863889410584,-1.0530971704864012,1
-0.10674638151564877,-0.14712865379001724,1.2555001818650957,-1.342496375981237,1.6139386973901235,0
-1.7686562211600707,-1.7610615511304075,0.6905692352560062,-0.007509302289515428,-1.0530971704864012,1
0.07791026733373223,0.04159029834411213,0.5964140774878246,-2.321486896688499,1.391685708400413,0
-1.0564091470267467,-1.0482791891665575,-0.34513750019399114,0.7044838036794027,-1.0530971704864012,1
-1.251617604381806,-1.2408567072365153,2.291206917315093,1.5054760478944356,-1.0530971704864012,1
-1.3518597851857552,-1.3331115109749465,1.0671898663287325,1.5054760478944356,-0.8308441814966908,1
0.0357030333110167,0.00475853259302797,0.21979344641509832,0.971481218417747,0.39154725794671635,0
-0.8137175513961331,-0.8160636755740039,-0.9100684468030806,1.1494794949099765,-1.0530971704864012,1
0.16232473537916328,0.13068809358959307,-1.4749993934121701,-0.3635058552739745,2.0584446753695445,0
0.5527416500892807,0.544957763608937,0.03148313087873518,-0.007509302289515428,2.0584446753695445,0
-1.346583880932916,-1.3296037237605578,-0.4392926579621727,-0.2745067170278597,0.5026737524415715,1
0.5316380330779233,0.5186493595010193,-0.7217581312667174,1.3274777714022061,-1.0530971704864012,0
1.2913682454868018,1.2861532020093387,-1.8516200244848964,-0.8085015465045483,1.7250651918849789,0
-0.01705600921737841,-0.051716841558635804,0.973034708560551,-0.007509302289515428,1.5028122028952684,0
-0.7820621258790962,-0.7792319098229198,0.7847243930241878,-0.7195024082584336,-1.0530971704864012,1
1.2333332987055683,1.2373949597293308,-0.6276029734985359,-0.007509302289515428,-0.2752117090224148,0
0.7321223946858214,0.740692290171845,-0.6276029734985359,0.1704889742027141,-0.2752117090224148,0
-0.3336102643877444,-0.4277516309411392,0.5022589197196431,-0.9864998229967779,0.16929426895700597,0
0.5210862245722447,0.5140892361223137,-0.2509823424258096,-1.5204946524734664,1.7250651918849789,0
2.198823776975185,2.258862596559415,-0.5334478157303543,-0.541504131766204,-0.49746469801212523,0
-0.4707837749615696,-0.45862015842776244,2.5736723906196377,1.0604803566638619,1.1694327194107028,1
0.6055006926176758,0.5986269079890891,-0.156827184657628,0.7934829419255175,0.2804207634518612,0
-1.9216574444924144,-1.885587997241218,1.2555001818650957,1.7724734626327798,0.5026737524415715,1
-0.9561669662227976,-0.9447994663420818,1.8204311284741852,-0.9864998229967779,0.724926741431282,1
0.6266043096290331,0.621427524882618,0.21979344641509832,-0.3635058552739745,1.0583062249158475,0
0.642432022387551,0.6428250268903914,0.12563828864691676,-0.8975006847506631,-0.16408521452755964,0
